{"USDUSD":1,"USDBRL":3.280103,"USDMXN":18.574301,"USDCLP":596.169983,"USDCOP":2903.199951}