{"USDUSD":1,"USDBRL":3.708504,"USDMXN":18.618039,"USDCLP":643.070007,"USDCOP":2885}